{"cameraMode":{"drawMode":0,"name":"Shaded","section":"Shading Mode"},"sceneLighting":false,"audioPlay":false,"sceneViewState":{"showFog":true,"showMaterialUpdate":false,"showSkybox":true,"showFlares":true,"showImageEffects":true,"showParticleSystems":true},"in2DMode":false,"pivot":{"x":90.84982299804688,"y":128.78738403320313,"z":-60.376094818115237},"rotation":{"x":-0.5150299072265625,"y":-0.15799295902252198,"z":-0.09723395854234696,"w":0.8368560671806336},"size":13.619545936584473,"orthographic":false}