{"cameraMode":{"drawMode":0,"name":"Shaded","section":"Shading Mode"},"sceneLighting":false,"audioPlay":false,"sceneViewState":{"showFog":true,"showMaterialUpdate":false,"showSkybox":true,"showFlares":true,"showImageEffects":true,"showParticleSystems":true},"in2DMode":false,"pivot":{"x":-10.503310203552246,"y":-6.406941890716553,"z":6.202002048492432},"rotation":{"x":-0.008650041185319424,"y":0.09525549411773682,"z":0.0008278396562673152,"w":0.9954149127006531},"size":14.53839111328125,"orthographic":false}